year,day,date,mean_temp,sum_precip,SLA_min,SLA_max,cover
2020,93,2020-04-02,-5.393125,NA,NA,NA,NA
2020,94,2020-04-03,-6.0060416666666665,NA,NA,NA,NA
2020,95,2020-04-04,-2.903541666666667,NA,NA,NA,NA
2020,96,2020-04-05,-0.6734722222222222,NA,NA,NA,NA
2020,97,2020-04-06,-1.6375000000000004,NA,NA,NA,NA
2020,98,2020-04-07,-0.7059722222222221,NA,NA,NA,NA
2020,99,2020-04-08,-1.3326388888888894,NA,NA,NA,NA
2020,100,2020-04-09,-0.4061805555555552,NA,NA,NA,NA
2020,101,2020-04-10,-0.02381944444444484,0.1,NA,NA,NA
2020,102,2020-04-11,0.06527777777777746,NA,NA,NA,NA
2020,103,2020-04-12,0.664652777777778,NA,NA,NA,NA
2020,104,2020-04-13,0.6136111111111118,NA,NA,NA,NA
2020,105,2020-04-14,-0.8159722222222221,NA,NA,NA,NA
2020,106,2020-04-15,0.6734027777777777,NA,NA,NA,NA
2020,107,2020-04-16,1.8504166666666664,NA,NA,NA,NA
2020,108,2020-04-17,2.635486111111111,NA,NA,NA,NA
2020,109,2020-04-18,2.6400694444444444,NA,NA,NA,NA
2020,110,2020-04-19,2.812152777777778,1.4000000000000004,NA,NA,NA
2020,111,2020-04-20,2.6708333333333334,0.2,NA,NA,NA
2020,112,2020-04-21,2.3375694444444446,0.6,NA,NA,NA
2020,113,2020-04-22,1.029513888888889,NA,NA,NA,NA
2020,114,2020-04-23,1.6750000000000007,NA,NA,NA,NA
2020,115,2020-04-24,1.768472222222223,NA,NA,NA,NA
2020,116,2020-04-25,2.544097222222222,NA,NA,NA,NA
2020,117,2020-04-26,1.882638888888889,3.0000000000000004,NA,NA,NA
2020,118,2020-04-27,2.115625,1.9,NA,NA,NA
2020,119,2020-04-28,0.2929861111111109,11.699999999999996,NA,NA,NA
2020,120,2020-04-29,-1.8497916666666667,0.7999999999999999,NA,NA,NA
2020,121,2020-04-30,-0.9915972222222222,3.800000000000002,NA,NA,NA
2020,122,2020-05-01,-1.5438888888888886,7.699999999999997,NA,NA,NA
2020,123,2020-05-02,-0.2467361111111112,9.399999999999997,NA,NA,NA
2020,124,2020-05-03,-0.452847222222222,9.7,NA,NA,NA
2020,125,2020-05-04,1.5551388888888886,NA,NA,NA,NA
2020,126,2020-05-05,3.731944444444444,3.6000000000000014,NA,NA,NA
2020,127,2020-05-06,2.4509027777777783,NA,NA,NA,NA
2020,128,2020-05-07,3.4613888888888886,NA,NA,NA,NA
2020,129,2020-05-08,5.602777777777778,NA,NA,NA,NA
2020,130,2020-05-09,5.966319444444444,6.899999999999998,NA,NA,NA
2020,131,2020-05-10,4.259722222222222,9.199999999999998,NA,NA,NA
2020,132,2020-05-11,1.2854166666666669,24.800000000000015,NA,NA,NA
2020,133,2020-05-12,3.5862499999999997,1.8000000000000005,NA,NA,NA
2020,134,2020-05-13,3.089444444444444,15.899999999999997,NA,NA,NA
2020,135,2020-05-14,3.737222222222222,3.4,NA,NA,NA
2020,136,2020-05-15,1.5828472222222223,1.2,NA,NA,NA
2020,137,2020-05-16,3.245833333333334,6.8999999999999995,NA,NA,NA
2020,138,2020-05-17,3.83625,NA,NA,NA,NA
2020,139,2020-05-18,4.737986111111111,0.7,NA,NA,NA
2020,140,2020-05-19,5.176388888888889,NA,NA,NA,NA
2020,141,2020-05-20,5.274236111111111,NA,NA,NA,NA
2020,142,2020-05-21,5.775763888888889,NA,2525,2550,100
2020,143,2020-05-22,6.330694444444445,NA,NA,NA,NA
2020,144,2020-05-23,5.413055555555556,6.699999999999999,NA,NA,NA
2020,145,2020-05-24,1.6134722222222222,NA,2525,2550,100
2020,146,2020-05-25,4.126875,NA,2525,2550,100
2020,147,2020-05-26,4.488333333333333,NA,NA,NA,NA
2020,148,2020-05-27,4.069652777777778,NA,2550,2575,100
2020,149,2020-05-28,3.954652777777778,0.1,NA,NA,NA
2020,150,2020-05-29,3.603055555555556,NA,NA,NA,NA
2020,151,2020-05-30,2.605833333333333,NA,NA,NA,NA
2020,152,2020-05-31,3.525694444444444,NA,NA,NA,NA
2020,153,2020-06-01,3.976180555555555,0.4,NA,NA,NA
2020,154,2020-06-02,5.315902777777778,NA,NA,NA,NA
2020,155,2020-06-03,4.971111111111111,2.0000000000000004,2575,2600,96.69926381464012
2020,156,2020-06-04,2.224583333333333,11.599999999999998,NA,NA,NA
2020,157,2020-06-05,1.5443749999999998,7.365999999999998,NA,NA,NA
2020,158,2020-06-06,4.711944444444445,3.81,NA,NA,NA
2020,159,2020-06-07,1.6808333333333343,8.381999999999994,NA,NA,NA
2020,160,2020-06-08,-0.31715277777777784,4.571999999999999,NA,NA,NA
2020,161,2020-06-09,0.1984722222222224,13.969999999999994,NA,NA,NA
2020,162,2020-06-10,0.26923611111111123,13.969999999999994,NA,NA,NA
2020,163,2020-06-11,1.5943750000000003,2.794,NA,NA,NA
2020,164,2020-06-12,4.304027777777778,2.54,NA,NA,NA
2020,165,2020-06-13,3.4771527777777784,7.111999999999998,NA,NA,NA
2020,166,2020-06-14,2.4237499999999996,2.794,NA,NA,NA
2020,167,2020-06-15,3.2434722222222225,0.762,NA,NA,NA
2020,168,2020-06-16,3.8958333333333335,11.175999999999997,NA,NA,NA
2020,169,2020-06-17,2.056875,13.207999999999997,NA,NA,NA
2020,170,2020-06-18,2.80423611111111,0.762,NA,NA,NA
2020,171,2020-06-19,2.5367361111111113,NA,NA,NA,NA
2020,172,2020-06-20,3.7964583333333337,NA,2600,2625,98.87105817251614
2020,173,2020-06-21,5.140138888888888,0.508,NA,NA,NA
2020,174,2020-06-22,6.019861111111111,0.254,NA,NA,NA
2020,175,2020-06-23,6.706041666666666,NA,NA,NA,NA
2020,176,2020-06-24,8.229409130219915,NA,NA,NA,NA
2020,177,2020-06-25,9.374281507656066,0.254,NA,NA,NA
2020,178,2020-06-26,8.044964921748516,2.3,NA,NA,NA
2020,179,2020-06-27,6.561666666666667,1.2000000000000002,NA,NA,NA
2020,180,2020-06-28,9.675714285714289,1.524,NA,NA,NA
2020,181,2020-06-29,8.928176795580109,3.302,NA,NA,NA
2020,182,2020-06-30,8.7370718046454,NA,2650,2675,95.14578338226882
2020,183,2020-07-01,8.880092637978732,0.8,NA,NA,NA
2020,184,2020-07-02,7.25099541575651,NA,2675,2700,94.41339677798422
2020,185,2020-07-03,3.1786343046453984,1.4,NA,NA,NA
2020,186,2020-07-04,6.372002360200954,NA,2675,2700,94.11689847014668
2020,187,2020-07-05,8.80273152686762,NA,2700,2725,92.71928858239764
2020,188,2020-07-06,7.135162082423176,NA,2700,2725,90.03810798935552
2020,189,2020-07-07,6.682349582423176,NA,2675,2700,92.91695727777774
2020,190,2020-07-08,8.49568291575651,NA,2700,2725,90.72234253723066
2020,191,2020-07-09,9.864189860200955,NA,2700,2725,90.67292727000856
2020,192,2020-07-10,9.113912082423177,4,NA,NA,NA
2020,193,2020-07-11,4.990266249089843,9.000000000000002,NA,NA,NA
2020,194,2020-07-12,7.228165554645398,NA,2725,2750,87.03509231690997
2020,195,2020-07-13,7.434269662921349,NA,NA,NA,NA
2020,196,2020-07-14,5.788297872340425,0.254,NA,NA,NA
2020,197,2020-07-15,5.442245989304813,NA,NA,NA,NA
2020,198,2020-07-16,5.3642361111111105,NA,NA,NA,NA
2020,199,2020-07-17,5.4156249999999995,0.254,NA,NA,NA
2020,200,2020-07-18,6.18125,0.254,2825,2850,78.22372981965961
2020,201,2020-07-19,7.690747330960854,NA,2850,2875,74.87100047652183
2020,202,2020-07-20,8.453472222222224,NA,2850,2875,74.14622434247991
2020,203,2020-07-21,8.512847222222222,6.095999999999999,NA,NA,NA
2020,204,2020-07-22,7.563194444444445,9.398,NA,NA,NA
2020,205,2020-07-23,7.792013888888888,NA,2850,2875,72.87026598733722
2020,206,2020-07-24,5.347569444444445,8.127999999999998,NA,NA,NA
2020,207,2020-07-25,6.694791666666667,0.254,2875,2900,67.92606774432397
2020,208,2020-07-26,8.82048611111111,NA,NA,NA,NA
2020,209,2020-07-27,9.561805555555557,0.254,NA,NA,NA
2020,210,2020-07-28,9.782291666666667,6.857999999999999,NA,NA,NA
2020,211,2020-07-29,10.433333333333334,NA,NA,NA,NA
2020,212,2020-07-30,9.391319444444443,NA,NA,NA,NA
2020,213,2020-07-31,9.694097222222222,NA,NA,NA,NA
2020,214,2020-08-01,9.553472222222222,2.286,NA,NA,NA
2020,215,2020-08-02,7.908333333333333,8.382,NA,NA,NA
2020,216,2020-08-03,3.921527777777778,5.333999999999998,NA,NA,NA
2020,217,2020-08-04,2.1010416666666667,1.27,NA,NA,NA
2020,218,2020-08-05,6.810416666666666,NA,NA,NA,NA
2020,219,2020-08-06,8.553819444444445,0.254,NA,NA,NA
2020,220,2020-08-07,8.625,NA,2900,2925,60.139774227723194
2020,221,2020-08-08,8.763541666666665,NA,2900,2925,55.93305759748887
2020,222,2020-08-09,8.689930555555556,NA,2925,2950,52.00128101269586
2020,223,2020-08-10,7.839930555555556,6.604000000000001,NA,NA,NA
2020,224,2020-08-11,8.036458333333334,NA,NA,NA,NA
2020,225,2020-08-12,8.231944444444444,3.556,NA,NA,NA
2020,226,2020-08-13,7.924305555555556,8.889999999999999,NA,NA,NA
2020,227,2020-08-14,7.036805555555556,0.508,NA,NA,NA
2020,228,2020-08-15,8.05451388888889,0.254,2975,3000,43.66640150975154
2020,229,2020-08-16,7.147916666666666,6.349999999999998,NA,NA,NA
2020,230,2020-08-17,6.448958333333333,0.508,NA,NA,NA
2020,231,2020-08-18,6.0517361111111105,NA,NA,NA,NA
2020,232,2020-08-19,7.844444444444443,0.254,NA,NA,NA
2020,233,2020-08-20,10.368055555555555,NA,3000,3025,34.31022906500213
2020,234,2020-08-21,11.084722222222222,NA,NA,NA,NA
2020,235,2020-08-22,8.234027777777778,NA,NA,NA,NA
2020,236,2020-08-23,6.085763888888889,NA,NA,NA,NA
2020,237,2020-08-24,4.840070921985816,NA,NA,NA,NA
2020,238,2020-08-25,7.296180555555555,NA,NA,NA,NA
2020,239,2020-08-26,8.562152777777778,NA,NA,NA,NA
2020,240,2020-08-27,7.933680555555556,NA,3025,3050,34.68787223821953
2020,241,2020-08-28,8.237152777777778,12.69999999999999,NA,NA,NA
2020,242,2020-08-29,4.603472222222223,22.352000000000015,NA,NA,NA
2020,243,2020-08-30,0.7680555555555556,18.542000000000016,NA,NA,NA
2020,244,2020-08-31,-0.1083333333333326,1.778,NA,NA,NA
2020,245,2020-09-01,2.730555555555556,NA,NA,NA,NA
2020,246,2020-09-02,3.2388888888888885,NA,NA,NA,NA
2020,247,2020-09-03,5.181249999999999,0.762,2600,2625,91.59918986371896
2020,248,2020-09-04,8.760416666666666,NA,2825,2850,68.0692248077538
2020,249,2020-09-05,8.301388888888889,NA,NA,NA,NA
2020,250,2020-09-06,5.10625,NA,NA,NA,NA
2020,251,2020-09-07,4.212847222222221,NA,NA,NA,NA
2020,252,2020-09-08,6.807394366197182,0.508,3025,3050,39.648526503238976
2020,253,2020-09-09,7.853125000000001,NA,NA,NA,NA
2020,254,2020-09-10,5.796180555555556,4.064,NA,NA,NA
2020,255,2020-09-11,6.1083333333333325,0.762,NA,NA,NA
2020,256,2020-09-12,6.735763888888889,NA,NA,NA,NA
2020,257,2020-09-13,7.699652777777778,0.254,NA,NA,NA
2020,258,2020-09-14,7.006944444444445,NA,3025,3050,21.309930808170215
2020,259,2020-09-15,7.067013888888888,NA,3025,3050,24.37757406337908
2020,260,2020-09-16,5.993055555555555,0.254,NA,NA,NA
2020,261,2020-09-17,7.85486111111111,NA,3025,3050,24.45233558103716
2020,262,2020-09-18,7.616666666666666,NA,NA,NA,NA
2020,263,2020-09-19,6.668749999999999,0.508,NA,NA,NA
2020,264,2020-09-20,5.288888888888889,2.286,NA,NA,NA
2020,265,2020-09-21,4.358680555555556,NA,NA,NA,NA
2020,266,2020-09-22,4.637847222222222,1.27,NA,NA,NA
2020,267,2020-09-23,4.018402777777778,0.254,NA,NA,NA
2020,268,2020-09-24,4.807291666666667,6.8580000000000005,NA,NA,NA
2020,269,2020-09-25,-2.357986111111112,1.27,NA,NA,NA
2020,270,2020-09-26,-6.362847222222222,NA,NA,NA,NA
2020,271,2020-09-27,-5.148611111111111,0.254,NA,NA,NA
2020,272,2020-09-28,-2.1680555555555556,0.254,2500,2525,90.40811656424724
2020,273,2020-09-29,1.2697916666666664,13.461999999999996,NA,NA,NA
2020,274,2020-09-30,2.9749999999999996,NA,2500,2525,100
2020,275,2020-10-01,3.366319444444444,0.508,NA,NA,NA
2020,276,2020-10-02,4.053819444444445,55.11800000000001,NA,NA,NA
2020,277,2020-10-03,1.5166666666666666,36.06799999999999,NA,NA,NA
2020,278,2020-10-04,-0.9843749999999998,NA,NA,NA,NA
2020,279,2020-10-05,-2.5934027777777784,2.286,NA,NA,NA
2020,280,2020-10-06,0.2322916666666662,2.032,NA,NA,NA
2020,281,2020-10-07,-1.2256944444444446,2.286,NA,NA,NA
2020,282,2020-10-08,1.852430555555556,0.762,NA,NA,NA
2020,283,2020-10-09,2.1833333333333336,NA,NA,NA,NA
2020,284,2020-10-10,-1.2065972222222217,0.254,NA,NA,NA
2020,285,2020-10-11,-4.790277777777778,1.016,NA,NA,NA
2020,286,2020-10-12,-7.039583333333333,NA,NA,NA,NA
2020,287,2020-10-13,-5.1291666666666655,NA,NA,NA,NA
2020,288,2020-10-14,-4.956944444444444,1.778,NA,NA,NA
2020,289,2020-10-15,-5.663888888888889,0.254,NA,NA,NA
2020,290,2020-10-16,-5.585763888888889,0.254,NA,NA,NA
2020,291,2020-10-17,-4.680902777777779,NA,NA,NA,NA
2020,292,2020-10-18,-3.812500000000001,0.254,NA,NA,NA
2020,293,2020-10-19,-0.9618055555555558,NA,NA,NA,NA
2020,294,2020-10-20,4.005555555555554,0.254,NA,NA,NA
2020,295,2020-10-21,4.772222222222222,0.5,NA,NA,NA
2020,296,2020-10-22,4.6194444444444445,2.900000000000001,NA,NA,NA
2020,297,2020-10-23,1.7670138888888889,22.199999999999992,NA,NA,NA
2020,298,2020-10-24,-0.4673611111111113,0.6000000000000001,NA,NA,NA
2020,299,2020-10-25,1.778819444444444,NA,NA,NA,NA
2020,300,2020-10-26,-3.0409722222222233,21.30000000000001,NA,NA,NA
2020,301,2020-10-27,-4.764930555555556,0.5,NA,NA,NA
2020,302,2020-10-28,-0.5906250000000001,0.8,NA,NA,NA
2020,303,2020-10-29,0.7406250000000002,1.4,NA,NA,NA
2020,304,2020-10-30,2.3277777777777775,NA,NA,NA,NA
2020,305,2020-10-31,2.703124999999999,NA,NA,NA,NA
2020,306,2020-11-01,2.9083333333333337,NA,NA,NA,NA
2020,307,2020-11-02,5.001388888888889,NA,NA,NA,NA
2020,308,2020-11-03,2.6885416666666666,2.8000000000000007,NA,NA,NA
2020,309,2020-11-04,0.5121527777777779,0.6,NA,NA,NA
2020,310,2020-11-05,0.24201388888888864,0.5,NA,NA,NA
2020,311,2020-11-06,0.7378472222222239,0.3,NA,NA,NA
2020,312,2020-11-07,2.1947916666666667,NA,NA,NA,NA
2020,313,2020-11-08,1.8288194444444443,0.1,NA,NA,NA
2020,314,2020-11-09,-0.7402777777777784,0.2,NA,NA,NA
2020,315,2020-11-10,-1.6399305555555557,0.2,NA,NA,NA
2020,316,2020-11-11,-2.378445229681979,0.4,NA,NA,NA
2020,317,2020-11-12,-2.447569444444444,0.3,NA,NA,NA
2020,318,2020-11-13,-2.4704861111111103,NA,NA,NA,NA
2020,319,2020-11-14,-0.9451388888888892,0.3,NA,NA,NA
2020,320,2020-11-15,1.9239583333333337,NA,NA,NA,NA
2020,321,2020-11-16,-3.5583333333333327,4.699999999999999,NA,NA,NA
2020,322,2020-11-17,-0.9916666666666668,NA,NA,NA,NA
2020,323,2020-11-18,0.8920138888888891,NA,NA,NA,NA
2020,324,2020-11-19,-1.8604166666666673,1.1,NA,NA,NA
2020,325,2020-11-20,-7.9059027777777775,0.3,NA,NA,NA
2020,326,2020-11-21,-3.733333333333333,NA,NA,NA,NA
2020,327,2020-11-22,0.871875,0.6,NA,NA,NA
2020,328,2020-11-23,-1.0079861111111108,0.3,NA,NA,NA
2020,329,2020-11-24,-1.7638888888888888,0.6,NA,NA,NA
2020,330,2020-11-25,-1.2666666666666668,NA,NA,NA,NA
2020,331,2020-11-26,-3.350694444444444,NA,NA,NA,NA
2020,332,2020-11-27,-3.463194444444444,NA,NA,NA,NA
2020,333,2020-11-28,-3.1374999999999997,0.1,NA,NA,NA
2020,334,2020-11-29,-4.424652777777777,0.5,NA,NA,NA
2020,335,2020-11-30,-6.457638888888889,NA,NA,NA,NA
2020,336,2020-12-01,-8.585069444444445,5.399999999999998,NA,NA,NA
2020,337,2020-12-02,-10.921180555555557,0.5,NA,NA,NA
2020,338,2020-12-03,-9.094791666666667,1.1,NA,NA,NA
2020,339,2020-12-04,-6.940972222222222,9.2,NA,NA,NA
2020,340,2020-12-05,-8.03298611111111,10.5,NA,NA,NA
2020,341,2020-12-06,-7.824305555555553,5.799999999999995,NA,NA,NA
2020,342,2020-12-07,-10.526041666666666,2.500000000000001,NA,NA,NA
2020,343,2020-12-08,-8.725347222222222,2.5000000000000013,NA,NA,NA
2020,344,2020-12-09,-10.486458333333331,3.0000000000000013,NA,NA,NA
2020,345,2020-12-10,-11.738541666666666,0.5,NA,NA,NA
2020,346,2020-12-11,-7.116666666666667,0.9000000000000001,NA,NA,NA
2020,347,2020-12-12,-7.028472222222221,7.199999999999998,NA,NA,NA
2020,348,2020-12-13,-6.336111111111111,0.9,NA,NA,NA
2020,349,2020-12-14,0.39756944444444314,0.7,NA,NA,NA
2020,350,2020-12-15,-0.08090277777777782,0.2,NA,NA,NA
2020,351,2020-12-16,-2.9625,0.30000000000000004,NA,NA,NA
2020,352,2020-12-17,-5.005902777777777,NA,NA,NA,NA
2020,353,2020-12-18,-5.086111111111111,0.5,NA,NA,NA
2020,354,2020-12-19,-5.603819444444445,0.6,NA,NA,NA
2020,355,2020-12-20,-3.096180555555555,NA,NA,NA,NA
2020,356,2020-12-21,-2.4635416666666656,8.2,NA,NA,NA
2020,357,2020-12-22,0.5152777777777782,NA,NA,NA,NA
2020,358,2020-12-23,1.4243055555555555,NA,NA,NA,NA
2020,359,2020-12-24,-4.807986111111111,6.599999999999993,NA,NA,NA
2020,360,2020-12-25,-11.213194444444444,2.400000000000001,NA,NA,NA
2020,361,2020-12-26,-14.665625,NA,NA,NA,NA
2020,362,2020-12-27,-6.7875,1.2,NA,NA,NA
2020,363,2020-12-28,-9.481597222222222,1.2,NA,NA,NA
2020,364,2020-12-29,-9.65625,NA,NA,NA,NA
2020,365,2020-12-30,-14.775,NA,NA,NA,NA
2020,366,2020-12-31,-10.22569444444444,NA,NA,NA,NA
2021,1,2021-01-01,-8.102777777777778,0.1,NA,NA,NA
2021,2,2021-01-02,-7.912152777777778,NA,NA,NA,NA
2021,3,2021-01-03,-10.044444444444444,0.5,NA,NA,NA
2021,4,2021-01-04,-8.784722222222221,NA,NA,NA,NA
2021,5,2021-01-05,-13.306944444444444,0.30000000000000004,NA,NA,NA
2021,6,2021-01-06,-15.99861111111111,NA,NA,NA,NA
2021,7,2021-01-07,-16.200694444444444,0.6,NA,NA,NA
2021,8,2021-01-08,-16.88923611111111,0.5,NA,NA,NA
2021,9,2021-01-09,-10.46875,0.2,NA,NA,NA
2021,10,2021-01-10,-11.88263888888889,0.2,NA,NA,NA
2021,11,2021-01-11,-12.199305555555556,0.3,NA,NA,NA
2021,12,2021-01-12,-8.431597222222221,14.70000000000001,NA,NA,NA
2021,13,2021-01-13,-6.011805555555555,14.700000000000008,NA,NA,NA
2021,14,2021-01-14,-4.226388888888889,7.699999999999994,NA,NA,NA
2021,15,2021-01-15,-8.772569444444445,3.300000000000001,NA,NA,NA
2021,16,2021-01-16,-12.586805555555555,1.5,NA,NA,NA
2021,17,2021-01-17,-9.180555555555555,8.299999999999997,NA,NA,NA
2021,18,2021-01-18,-13.824652777777777,0.7,NA,NA,NA
2021,19,2021-01-19,-9.194791666666667,0.5,NA,NA,NA
2021,20,2021-01-20,-6.67638888888889,0.4,NA,NA,NA
2021,21,2021-01-21,-4.41423611111111,0.4,NA,NA,NA
2021,22,2021-01-22,-4.215624999999999,7.4,NA,NA,NA
2021,23,2021-01-23,-10.231944444444444,1.9,NA,NA,NA
2021,24,2021-01-24,-12.520833333333334,1.4,NA,NA,NA
2021,25,2021-01-25,-12.649305555555555,4.300000000000001,NA,NA,NA
2021,26,2021-01-26,-15.268402777777778,NA,NA,NA,NA
2021,27,2021-01-27,-5.434375000000001,12.199999999999983,NA,NA,NA
2021,28,2021-01-28,-0.8062499999999996,28.000000000000004,NA,NA,NA
2021,29,2021-01-29,-3.696874999999999,10.799999999999994,NA,NA,NA
2021,30,2021-01-30,-3.9128472222222217,9.399999999999997,NA,NA,NA
2021,31,2021-01-31,-7.160763888888889,0.7,NA,NA,NA
2021,32,2021-02-01,-4.134722222222224,11.799999999999994,NA,NA,NA
2021,33,2021-02-02,-1.8361111111111117,5.500000000000001,NA,NA,NA
2021,34,2021-02-03,-0.41875000000000034,9.399999999999991,NA,NA,NA
2021,35,2021-02-04,-1.973263888888888,0.7,NA,NA,NA
2021,36,2021-02-05,0.795486111111111,0.7,NA,NA,NA
2021,37,2021-02-06,-0.1444444444444442,0.7999999999999999,NA,NA,NA
2021,38,2021-02-07,-5.812847222222225,4.8999999999999995,NA,NA,NA
2021,39,2021-02-08,-11.660763888888892,0.5,NA,NA,NA
2021,40,2021-02-09,-5.861805555555556,0.7999999999999999,NA,NA,NA
2021,41,2021-02-10,-6.195486111111111,0.8999999999999999,NA,NA,NA
2021,42,2021-02-11,-8.097222222222223,0.5,NA,NA,NA
2021,43,2021-02-12,-5.157638888888888,3.900000000000002,NA,NA,NA
2021,44,2021-02-13,-11.184722222222224,1.2999999999999998,NA,NA,NA
2021,45,2021-02-14,-11.914236111111112,0.3,NA,NA,NA
2021,46,2021-02-15,-3.2211805555555557,0.4,NA,NA,NA
2021,47,2021-02-16,-0.7267361111111114,0.2,NA,NA,NA
2021,48,2021-02-17,-5.629513888888889,1.1,NA,NA,NA
2021,49,2021-02-18,-2.7552083333333317,0.30000000000000004,NA,NA,NA
2021,50,2021-02-19,-3.230208333333334,1,NA,NA,NA
2021,51,2021-02-20,-0.9118055555555564,NA,NA,NA,NA
2021,52,2021-02-21,0.3048611111111116,NA,NA,NA,NA
2021,53,2021-02-22,-0.37083333333333446,NA,NA,NA,NA
2021,54,2021-02-23,0.5920138888888888,0.3,NA,NA,NA
2021,55,2021-02-24,0.12361111111111056,NA,NA,NA,NA
2021,56,2021-02-25,-0.07118055555555673,NA,NA,NA,NA
2021,57,2021-02-26,-1.445833333333334,NA,NA,NA,NA
2021,58,2021-02-27,-3.669791666666667,NA,NA,NA,NA
2021,59,2021-02-28,-3.983333333333333,NA,NA,NA,NA
2021,60,2021-03-01,-4.4378472222222225,NA,NA,NA,NA
2021,61,2021-03-02,-2.8520833333333324,NA,NA,NA,NA
2021,62,2021-03-03,-1.9920138888888888,NA,NA,NA,NA
2021,63,2021-03-04,-3.436805555555556,NA,NA,NA,NA
2021,64,2021-03-05,-6.513194444444445,0.2,NA,NA,NA
2021,65,2021-03-06,-7.4638888888888895,1.2000000000000002,NA,NA,NA
2021,66,2021-03-07,-7.692013888888889,0.7,NA,NA,NA
2021,67,2021-03-08,-7.761458333333334,0.2,NA,NA,NA
2021,68,2021-03-09,-9.852430555555555,0.2,NA,NA,NA
2021,69,2021-03-10,-8.054861111111112,NA,NA,NA,NA
2021,70,2021-03-11,-0.9166666666666669,8.7,NA,NA,NA
2021,71,2021-03-12,-8.454861111111112,0.7,NA,NA,NA
2021,72,2021-03-13,-6.747222222222224,4.300000000000001,NA,NA,NA
2021,73,2021-03-14,-10.41840277777778,7.399999999999995,NA,NA,NA
2021,74,2021-03-15,-8.987847222222223,6.7999999999999945,NA,NA,NA
2021,75,2021-03-16,-10.348263888888887,0.6000000000000001,NA,NA,NA
2021,76,2021-03-17,-8.684375000000001,1.2,NA,NA,NA
2021,77,2021-03-18,-13.580902777777776,0.7999999999999999,NA,NA,NA
2021,78,2021-03-19,-13.49027777777778,1.1,NA,NA,NA
2021,79,2021-03-20,-14.55,0.2,NA,NA,NA
2021,80,2021-03-21,-9.462847222222225,0.5,NA,NA,NA
2021,81,2021-03-22,-9.982291666666669,0.7,NA,NA,NA
2021,82,2021-03-23,-5.879513888888887,0.5,NA,NA,NA
2021,83,2021-03-24,-3.985763888888888,1.4,NA,NA,NA
2021,84,2021-03-25,-4.578819444444445,0.1,NA,NA,NA
2021,85,2021-03-26,-2.8343749999999996,0.7,NA,NA,NA
2021,86,2021-03-27,-3.375694444444444,2.7000000000000006,NA,NA,NA
2021,87,2021-03-28,-3.4243055555555566,0.30000000000000004,NA,NA,NA
2021,88,2021-03-29,1.3829861111111117,NA,NA,NA,NA
2021,89,2021-03-30,2.9805555555555556,NA,NA,NA,NA
2021,90,2021-03-31,1.5805555555555555,NA,NA,NA,NA
2021,91,2021-04-01,1.240625,NA,NA,NA,NA
2021,92,2021-04-02,1.3055555555555565,NA,NA,NA,NA
2021,93,2021-04-03,-2.910416666666667,NA,NA,NA,NA
2021,94,2021-04-04,-3.84375,0.30000000000000004,NA,NA,NA
2021,95,2021-04-05,-2.588541666666668,1.2000000000000002,NA,NA,NA
2021,96,2021-04-06,-11.393402777777776,1.3,NA,NA,NA
2021,97,2021-04-07,-14.491666666666667,0.7,NA,NA,NA
2021,98,2021-04-08,-8.364583333333332,1,NA,NA,NA
2021,99,2021-04-09,-3.032291666666668,0.3,NA,NA,NA
2021,100,2021-04-10,-2.4670138888888893,0.6,NA,NA,NA
2021,101,2021-04-11,-1.3100694444444447,0.4,NA,NA,NA
2021,102,2021-04-12,-7.853819444444443,4.000000000000001,NA,NA,NA
2021,103,2021-04-13,-11.072222222222225,0.4,NA,NA,NA
2021,104,2021-04-14,-9.268402777777776,0.2,NA,NA,NA
2021,105,2021-04-15,-10.930208333333333,1.8000000000000005,NA,NA,NA
2021,106,2021-04-16,-8.514930555555555,0.8,NA,NA,NA
2021,107,2021-04-17,-7.615277777777776,1.1,NA,NA,NA
2021,108,2021-04-18,-8.388541666666667,1,NA,NA,NA
2021,109,2021-04-19,-7.387847222222221,NA,NA,NA,NA
2021,110,2021-04-20,-4.732638888888888,NA,NA,NA,NA
2021,111,2021-04-21,-2.928472222222222,NA,NA,NA,NA
2021,112,2021-04-22,-2.102430555555557,0.6,NA,NA,NA
2021,113,2021-04-23,-0.7111111111111122,NA,NA,NA,NA
2021,114,2021-04-24,0.1895833333333317,NA,NA,NA,NA
2021,115,2021-04-25,1.064583333333331,NA,NA,NA,NA
2021,116,2021-04-26,1.220138888888889,0.4,NA,NA,NA
2021,117,2021-04-27,0.8871527777777778,0.4,NA,NA,NA
2021,118,2021-04-28,0.8017361111111109,1.2000000000000002,NA,NA,NA
2021,119,2021-04-29,-0.6378472222222216,8.599999999999998,NA,NA,NA
2021,120,2021-04-30,0.9434027777777776,2.3,NA,NA,NA
2021,121,2021-05-01,-0.9409722222222217,16.50000000000001,NA,NA,NA
2021,122,2021-05-02,-5.783333333333333,3.9000000000000017,NA,NA,NA
2021,123,2021-05-03,-4.035416666666666,0.5,NA,NA,NA
2021,124,2021-05-04,-1.794444444444444,NA,NA,NA,NA
2021,125,2021-05-05,-2.603125000000001,2.9,NA,NA,NA
2021,126,2021-05-06,-1.3656250000000003,10.6,NA,NA,NA
2021,127,2021-05-07,-2.724652777777778,8.2,NA,NA,NA
2021,128,2021-05-08,1.556597222222223,0.6,NA,NA,NA
2021,129,2021-05-09,4.678472222222222,NA,NA,NA,NA
2021,130,2021-05-10,2.360416666666666,32.1,NA,NA,NA
2021,131,2021-05-11,-0.17326388888888783,43.40000000000002,NA,NA,NA
2021,132,2021-05-12,-2.046180555555556,1.2,NA,NA,NA
2021,133,2021-05-13,-3.696874999999999,2.9,NA,NA,NA
2021,134,2021-05-14,-3.754513888888889,1.6000000000000003,NA,NA,NA
2021,135,2021-05-15,-2.3986111111111117,3.2000000000000006,NA,NA,NA
2021,136,2021-05-16,0.1357638888888879,21.8,NA,NA,NA
2021,137,2021-05-17,-3.3142361111111107,6.099999999999999,NA,NA,NA
2021,138,2021-05-18,-3.309375,4.599999999999999,2500,2525,100
2021,139,2021-05-19,-4.008333333333334,5,NA,NA,NA
2021,140,2021-05-20,-1.4375000000000002,NA,NA,NA,NA
2021,141,2021-05-21,1.737152777777778,4.199999999999999,NA,NA,NA
2021,142,2021-05-22,-0.02708333333333188,4.3,2500,2525,100
2021,143,2021-05-23,0.3829861111111111,0.4,NA,NA,NA
2021,144,2021-05-24,0.6666666666666665,1.4,NA,NA,NA
2021,145,2021-05-25,-2.9295138888888883,0.30000000000000004,NA,NA,NA
2021,146,2021-05-26,1.5819444444444457,0.254,NA,NA,NA
2021,147,2021-05-27,1.8020833333333337,NA,NA,NA,NA
2021,148,2021-05-28,2.2993055555555557,NA,2500,2525,100
2021,149,2021-05-29,3.310416666666667,NA,2500,2525,98.57331985692927
2021,150,2021-05-30,3.25625,0.254,2500,2525,100
2021,151,2021-05-31,3.2503472222222225,NA,NA,NA,NA
2021,152,2021-06-01,3.624652777777777,2.794,NA,NA,NA
2021,153,2021-06-02,3.9684027777777775,1.524,NA,NA,NA
2021,154,2021-06-03,4.695138888888889,NA,NA,NA,NA
2021,155,2021-06-04,6.1142361111111105,6.604,NA,NA,NA
2021,156,2021-06-05,3.5583333333333336,8.635999999999997,NA,NA,NA
2021,157,2021-06-06,3.9777777777777783,1.27,2500,2525,100
2021,158,2021-06-07,3.990277777777777,7.365999999999998,NA,NA,NA
2021,159,2021-06-08,3.694444444444444,7.873999999999999,NA,NA,NA
2021,160,2021-06-09,4.30486111111111,4.064,NA,NA,NA
2021,161,2021-06-10,4.780141843971631,NA,NA,NA,NA
2021,162,2021-06-11,5.535763888888889,NA,NA,NA,NA
2021,163,2021-06-12,5.975694444444445,0.254,2500,2525,100
2021,164,2021-06-13,6.769097222222222,NA,2500,2525,100
2021,165,2021-06-14,7.064930555555556,0.254,2500,2525,100
2021,166,2021-06-15,7.267361111111112,NA,2500,2525,100
2021,167,2021-06-16,7.453472222222222,NA,NA,NA,NA
2021,168,2021-06-17,8.626388888888888,NA,NA,NA,NA
2021,169,2021-06-18,8.507291666666667,NA,NA,NA,NA
2021,170,2021-06-19,10.10798611111111,1.778,2550,2575,100
2021,171,2021-06-20,11.270486111111111,4.571999999999999,NA,NA,NA
2021,172,2021-06-21,9.682638888888889,0.254,NA,NA,NA
2021,173,2021-06-22,7.361458333333334,7.111999999999998,NA,NA,NA
2021,174,2021-06-23,5.891666666666666,2.794,NA,NA,NA
2021,175,2021-06-24,5.376736111111112,7.619999999999999,NA,NA,NA
2021,176,2021-06-25,4.726388888888888,0.254,NA,NA,NA
2021,177,2021-06-26,7.587152777777778,NA,NA,NA,NA
2021,178,2021-06-27,8.254861111111111,1.27,NA,NA,NA
2021,179,2021-06-28,9.567361111111111,12.954,NA,NA,NA
2021,180,2021-06-29,6.926388888888889,2.54,NA,NA,NA
2021,181,2021-06-30,3.4902777777777785,NA,NA,NA,NA
2021,182,2021-07-01,4.6454861111111105,0.254,NA,NA,NA
2021,183,2021-07-02,5.8381944444444445,NA,2575,2600,98.36928809483533
2021,184,2021-07-03,5.295833333333333,2.286,NA,NA,NA
2021,185,2021-07-04,5.159027777777778,0.762,NA,NA,NA
2021,186,2021-07-05,8.126736111111112,NA,NA,NA,NA
2021,187,2021-07-06,9.656597222222222,10.16,NA,NA,NA
2021,188,2021-07-07,8.264930555555557,13.207999999999997,NA,NA,NA
2021,189,2021-07-08,4.209374999999999,26.416000000000025,NA,NA,NA
2021,190,2021-07-09,4.707638888888889,3.81,NA,NA,NA
2021,191,2021-07-10,8.394097222222221,5.08,2675,2700,94.34244351233332
2021,192,2021-07-11,6.770138888888889,0.254,2675,2700,92.68001036356256
2021,193,2021-07-12,11.411111111111111,5.588,NA,NA,NA
2021,194,2021-07-13,2.2288194444444436,16.76399999999999,NA,NA,NA
2021,195,2021-07-14,2.230902777777778,15.49399999999999,NA,NA,NA
2021,196,2021-07-15,3.883333333333333,14.22399999999999,NA,NA,NA
2021,197,2021-07-16,4.282986111111112,9.652,NA,NA,NA
2021,198,2021-07-17,6.893750000000001,NA,NA,NA,NA
2021,199,2021-07-18,8.564583333333333,0.254,NA,NA,NA
2021,200,2021-07-19,8.0625,NA,NA,NA,NA
2021,201,2021-07-20,8.090277777777777,NA,NA,NA,NA
2021,202,2021-07-21,8.665625,NA,2775,2800,79.7214209705274
2021,203,2021-07-22,9.265277777777778,NA,NA,NA,NA
2021,204,2021-07-23,10.597569444444444,NA,NA,NA,NA
2021,205,2021-07-24,11.380902777777775,1.27,NA,NA,NA
2021,206,2021-07-25,8.73298611111111,3.048,NA,NA,NA
2021,207,2021-07-26,6.620486111111111,9.906,NA,NA,NA
2021,208,2021-07-27,8.441666666666666,6.603999999999999,NA,NA,NA
2021,209,2021-07-28,7.171875,7.112,NA,NA,NA
2021,210,2021-07-29,9.250347222222222,NA,2850,2875,67.22789725813628
2021,211,2021-07-30,9.253819444444444,8.128,NA,NA,NA
2021,212,2021-07-31,8.046527777777778,9.905999999999995,2925,2950,61.02425375520679
2021,213,2021-08-01,2.7906250000000004,2.794,NA,NA,NA
2021,214,2021-08-02,3.709722222222222,NA,NA,NA,NA
2021,215,2021-08-03,5.604166666666667,0.762,NA,NA,NA
2021,216,2021-08-04,6.049652777777777,9.143999999999998,NA,NA,NA
2021,217,2021-08-05,5.622916666666667,0.762,NA,NA,NA
2021,218,2021-08-06,8.613541666666665,0.254,2900,2925,63.174485957796975
2021,219,2021-08-07,8.03125,25.40000000000001,NA,NA,NA
2021,220,2021-08-08,6.095833333333334,NA,NA,NA,NA
2021,221,2021-08-09,7.962847222222222,NA,2900,2925,60.37041245575136
2021,222,2021-08-10,9.194791666666667,0.508,NA,NA,NA
2021,223,2021-08-11,10.077083333333334,NA,NA,NA,NA
2021,224,2021-08-12,10.307291666666666,8.889999999999999,2925,2950,53.48378415049343
2021,225,2021-08-13,9.047569444444443,NA,NA,NA,NA
2021,226,2021-08-14,10.690625,NA,2950,2975,46.03837917859808
2021,227,2021-08-15,11.896180555555556,0.254,2950,2975,40.62660429572828
2021,228,2021-08-16,7.154513888888889,0.508,NA,NA,NA
2021,229,2021-08-17,5.690625000000001,NA,3000,3025,41.939345438720906
2021,230,2021-08-18,5.8968750000000005,NA,NA,NA,NA
2021,231,2021-08-19,7.403472222222221,NA,NA,NA,NA
2021,232,2021-08-20,7.681597222222223,NA,3000,3025,33.93893241841213
2021,233,2021-08-21,8.760763888888889,0.254,3000,3025,38.08614777113267
2021,234,2021-08-22,8.216319444444444,1.778,NA,NA,NA
2021,235,2021-08-23,5.462152777777778,0.254,NA,NA,NA
2021,236,2021-08-24,6.420138888888889,2.794,NA,NA,NA
2021,237,2021-08-25,6.285763888888889,0.762,NA,NA,NA
2021,238,2021-08-26,6.952430555555555,0.254,3025,3050,33.63363978167065
2021,239,2021-08-27,4.389583333333333,0.254,3025,3050,31.303455389410427
2021,240,2021-08-28,3.0763888888888897,1.778,NA,NA,NA
2021,241,2021-08-29,3.2177083333333334,NA,NA,NA,NA
2021,242,2021-08-30,4.361458333333333,NA,NA,NA,NA
2021,243,2021-08-31,4.597569444444445,NA,NA,NA,NA
2021,244,2021-09-01,5.994097222222222,0.254,NA,NA,NA
2021,245,2021-09-02,6.921875,NA,NA,NA,NA
2021,246,2021-09-03,5.831944444444444,NA,NA,NA,NA
2021,247,2021-09-04,5.461111111111111,1.778,NA,NA,NA
2021,248,2021-09-05,6.5614583333333325,NA,3100,3125,27.35014312344083
2021,249,2021-09-06,6.507291666666666,NA,NA,NA,NA
2021,250,2021-09-07,6.687500000000001,NA,NA,NA,NA
2021,251,2021-09-08,7.203472222222222,NA,NA,NA,NA
2021,252,2021-09-09,7.315277777777777,0.254,NA,NA,NA
2021,253,2021-09-10,5.683098591549296,5.334,NA,NA,NA
2021,254,2021-09-11,5.4244318181818185,NA,NA,NA,NA
2021,254,2021-09-11,5.4244318181818185,NA,NA,NA,NA
2021,255,2021-09-12,6.451736111111111,NA,NA,NA,NA
2021,256,2021-09-13,7.288194444444444,NA,3125,3150,21.055240220436858
2021,257,2021-09-14,7.733680555555555,0.254,NA,NA,NA
2021,258,2021-09-15,8.244097222222223,13.969999999999992,NA,NA,NA
2021,259,2021-09-16,5.528472222222222,3.81,NA,NA,NA
2021,260,2021-09-17,5.137152777777778,0.508,NA,NA,NA
2021,261,2021-09-18,5.6409722222222225,5.08,NA,NA,NA
2021,262,2021-09-19,1.961111111111112,14.985999999999994,NA,NA,NA
2021,263,2021-09-20,0.43749999999999983,7.699999999999998,NA,NA,NA
2021,264,2021-09-21,1.8291666666666688,5.587999999999997,NA,NA,NA
2021,265,2021-09-22,4.826388888888887,NA,2525,2550,91.922304516096
2021,266,2021-09-23,6.046875,NA,2575,2600,88.85972711460961
2021,267,2021-09-24,5.710416666666667,NA,2625,2650,83.63295084663184
2021,268,2021-09-25,8.234374999999998,0.762,NA,NA,NA
2021,269,2021-09-26,5.448611111111111,3.302,NA,NA,NA
2021,270,2021-09-27,4.723263888888889,0.254,NA,NA,NA
2021,271,2021-09-28,6.144097222222222,NA,2925,2950,41.265192163350214
2021,272,2021-09-29,3.947916666666667,NA,NA,NA,NA
2021,273,2021-09-30,2.89652777777778,0.254,NA,NA,NA
2021,274,2021-10-01,3.9690972222222234,NA,NA,NA,NA
2021,275,2021-10-02,4.902777777777778,0.254,NA,NA,NA
2021,276,2021-10-03,5.100694444444445,2.794,NA,NA,NA
2021,277,2021-10-04,5.295486111111111,27.68599999999999,NA,NA,NA
2021,278,2021-10-05,1.949305555555556,10.15999999999999,NA,NA,NA
2021,279,2021-10-06,-2.6395833333333334,0.4,NA,NA,NA
2021,280,2021-10-07,-1.5701388888888892,NA,NA,NA,NA
2021,281,2021-10-08,3.1409722222222225,0.254,2600,2625,100
2021,282,2021-10-09,1.3687499999999997,0.254,NA,NA,NA
2021,283,2021-10-10,-0.4951388888888884,NA,NA,NA,NA
2021,284,2021-10-11,0.1243055555555567,NA,NA,NA,NA
2021,285,2021-10-12,-1.109375,0.30000000000000004,NA,NA,NA
2021,286,2021-10-13,-3.1576388888888887,NA,NA,NA,NA
2021,287,2021-10-14,-0.8378472222222239,0.1,NA,NA,NA
2021,288,2021-10-15,0.3680555555555564,NA,NA,NA,NA
2021,289,2021-10-16,0.3861111111111118,NA,NA,NA,NA
2021,290,2021-10-17,0.6388888888888872,0.1,NA,NA,NA
2021,291,2021-10-18,1.7281249999999997,0.254,NA,NA,NA
2021,292,2021-10-19,4.330555555555557,0.254,NA,NA,NA
2021,293,2021-10-20,7.551388888888888,0.254,NA,NA,NA
2021,294,2021-10-21,1.5576388888888884,5.841999999999997,NA,NA,NA
2021,295,2021-10-22,-1.4520833333333345,0.2,NA,NA,NA
2021,296,2021-10-23,-0.1652777777777763,NA,NA,NA,NA
2021,297,2021-10-24,2.006597222222222,0.508,NA,NA,NA
2021,298,2021-10-25,1.950347222222222,NA,NA,NA,NA
2021,299,2021-10-26,-0.8163194444444442,NA,NA,NA,NA
2021,300,2021-10-27,0.8194444444444439,NA,NA,NA,NA
2021,301,2021-10-28,1.4850694444444432,NA,NA,NA,NA
2021,302,2021-10-29,2.65625,NA,NA,NA,NA
2021,303,2021-10-30,0.7524305555555556,1.2000000000000002,NA,NA,NA
2021,304,2021-10-31,2.7447916666666665,0.254,NA,NA,NA
2021,305,2021-11-01,-0.4302083333333339,11.999999999999996,NA,NA,NA
2021,306,2021-11-02,-5.8753472222222225,0.2,NA,NA,NA
2021,307,2021-11-03,-3.628125,13.89999999999999,NA,NA,NA
2021,308,2021-11-04,-8.825,2.2000000000000006,NA,NA,NA
2021,309,2021-11-05,-10.164930555555555,NA,NA,NA,NA
2021,310,2021-11-06,-7.703819444444444,NA,NA,NA,NA
2021,311,2021-11-07,-3.840625,0.3,NA,NA,NA
2021,312,2021-11-08,-3.978125,0.5,NA,NA,NA
2021,313,2021-11-09,-1.160763888888889,NA,NA,NA,NA
2021,314,2021-11-10,2.7090277777777776,2.286,NA,NA,NA
2021,315,2021-11-11,1.8940972222222223,0.508,NA,NA,NA
2021,316,2021-11-12,1.012152777777778,NA,NA,NA,NA
2021,317,2021-11-13,-1.921180555555556,0.9,NA,NA,NA
2021,318,2021-11-14,-3.891666666666667,0.7,NA,NA,NA
2021,319,2021-11-15,-0.7149305555555558,NA,NA,NA,NA
2021,320,2021-11-16,-2.6315972222222226,NA,NA,NA,NA
2021,321,2021-11-17,-1.4940140845070429,0.1,NA,NA,NA
2021,322,2021-11-18,-2.6795138888888888,NA,NA,NA,NA
2021,323,2021-11-19,-0.08368055555555563,0.6,NA,NA,NA
2021,324,2021-11-20,0.35694444444444423,NA,NA,NA,NA
2021,325,2021-11-21,-2.8447916666666666,NA,NA,NA,NA
2021,326,2021-11-22,-3.1892361111111116,NA,NA,NA,NA
2021,327,2021-11-23,-2.7107638888888888,NA,NA,NA,NA
2021,328,2021-11-24,-4.255208333333333,NA,NA,NA,NA
2021,329,2021-11-25,-2.509722222222223,0.8999999999999999,NA,NA,NA
2021,330,2021-11-26,-6.514583333333335,3.3000000000000016,NA,NA,NA
2021,331,2021-11-27,-10.12152777777778,5.2,NA,NA,NA
2021,332,2021-11-28,-12.1375,1.1,NA,NA,NA
2021,333,2021-11-29,-12.947916666666666,NA,NA,NA,NA
2021,334,2021-11-30,-8.21597222222222,1.7000000000000004,NA,NA,NA
2021,335,2021-12-01,-4.410416666666666,4.1000000000000005,NA,NA,NA
2021,336,2021-12-02,-10.107986111111112,1.6000000000000003,NA,NA,NA
2021,337,2021-12-03,-12.886458333333332,0.30000000000000004,NA,NA,NA
2021,338,2021-12-04,-3.8892361111111113,12.79999999999999,NA,NA,NA
2021,339,2021-12-05,-11.433680555555558,0.7999999999999999,NA,NA,NA
2021,340,2021-12-06,-13.544444444444444,0.1,NA,NA,NA
2021,341,2021-12-07,-7.519791666666667,1.9,NA,NA,NA
2021,342,2021-12-08,-7.982986111111114,13.19999999999998,NA,NA,NA
2021,343,2021-12-09,-12.181944444444444,0.7999999999999999,NA,NA,NA
2021,344,2021-12-10,-10.090972222222222,3.2000000000000015,NA,NA,NA
2021,345,2021-12-11,-10.459027777777775,NA,NA,NA,NA
2021,346,2021-12-12,-7.483680555555557,0.3,NA,NA,NA
2021,347,2021-12-13,-1.790625,NA,NA,NA,NA
2021,348,2021-12-14,-3.0680555555555564,NA,NA,NA,NA
2021,349,2021-12-15,-1.5006944444444437,0.1,NA,NA,NA
2021,350,2021-12-16,-0.47673611111111114,0.6,NA,NA,NA
2021,351,2021-12-17,-2.2659722222222225,NA,NA,NA,NA
2021,352,2021-12-18,-1.8645833333333333,0.5,NA,NA,NA
2021,353,2021-12-19,-4.189236111111111,NA,NA,NA,NA
2021,354,2021-12-20,-5.867361111111111,NA,NA,NA,NA
2021,355,2021-12-21,-7.453819444444444,0.6,NA,NA,NA
2021,356,2021-12-22,-7.817361111111111,0.6,NA,NA,NA
2021,357,2021-12-23,-5.165277777777778,NA,NA,NA,NA
2021,358,2021-12-24,-3.9385416666666666,0.1,NA,NA,NA
2021,359,2021-12-25,-5.801041666666666,0.1,NA,NA,NA
2021,360,2021-12-26,-6.2444444444444445,NA,NA,NA,NA
2021,361,2021-12-27,-5.081944444444445,1.2,NA,NA,NA
2021,362,2021-12-28,-2.801388888888889,14.099999999999994,NA,NA,NA
2021,363,2021-12-29,-0.06527777777777523,36.50000000000003,NA,NA,NA
2021,364,2021-12-30,2.285069444444445,0.508,NA,NA,NA
2021,365,2021-12-31,0.5270833333333332,NA,NA,NA,NA
2022,1,2022-01-01,1.4534722222222225,NA,NA,NA,NA
2022,2,2022-01-02,-0.30868055555555657,NA,NA,NA,NA
2022,3,2022-01-03,-3.1802083333333333,0.1,NA,NA,NA
2022,4,2022-01-04,1.1583333333333332,1.524,NA,NA,NA
2022,5,2022-01-05,-8.313888888888888,6.199999999999996,NA,NA,NA
2022,6,2022-01-06,-15.651388888888889,0.7,NA,NA,NA
2022,7,2022-01-07,-11.489583333333334,1.4,NA,NA,NA
2022,8,2022-01-08,-9.86527777777778,1.8000000000000005,NA,NA,NA
2022,9,2022-01-09,-9.687847222222222,7.699999999999997,NA,NA,NA
2022,10,2022-01-10,-12.989930555555556,1.1,NA,NA,NA
2022,11,2022-01-11,-9.720138888888888,0.9,NA,NA,NA
2022,12,2022-01-12,-7.0791666666666675,0.7,NA,NA,NA
2022,13,2022-01-13,-3.660069444444445,0.8,NA,NA,NA
2022,14,2022-01-14,-2.332291666666667,0.6,NA,NA,NA
2022,15,2022-01-15,-2.711111111111111,NA,NA,NA,NA
2022,16,2022-01-16,-7.502083333333332,NA,NA,NA,NA
2022,17,2022-01-17,-8.45451388888889,NA,NA,NA,NA
2022,18,2022-01-18,-3.437847222222223,NA,NA,NA,NA
2022,19,2022-01-19,-6.827777777777778,0.7000000000000001,NA,NA,NA
2022,20,2022-01-20,-10.379166666666666,0.6,NA,NA,NA
2022,21,2022-01-21,-12.94375,0.8999999999999999,NA,NA,NA
2022,22,2022-01-22,-9.035069444444446,NA,NA,NA,NA
2022,23,2022-01-23,-5.954861111111112,0.4,NA,NA,NA
2022,24,2022-01-24,-3.7822916666666666,NA,NA,NA,NA
2022,25,2022-01-25,-5.222916666666666,NA,NA,NA,NA
2022,26,2022-01-26,-6.211458333333333,NA,NA,NA,NA
2022,27,2022-01-27,-5.622916666666667,NA,NA,NA,NA
2022,28,2022-01-28,-7.14375,NA,NA,NA,NA
2022,29,2022-01-29,-3.6420138888888887,NA,NA,NA,NA
2022,30,2022-01-30,-1.9225694444444448,0.30000000000000004,NA,NA,NA
2022,31,2022-01-31,-6.927083333333332,0.6,NA,NA,NA
2022,32,2022-02-01,-10.036458333333336,5.899999999999999,NA,NA,NA
2022,33,2022-02-02,-4.448611111111111,3.700000000000002,NA,NA,NA
2022,34,2022-02-03,-1.7506944444444448,NA,NA,NA,NA
2022,35,2022-02-04,-5.114236111111111,1.1,NA,NA,NA
2022,36,2022-02-05,-6.724652777777778,0.4,NA,NA,NA
2022,37,2022-02-06,-7.191666666666668,5.700000000000001,NA,NA,NA
2022,38,2022-02-07,-6.892982456140351,4.200000000000001,NA,NA,NA
2022,39,2022-02-08,-3.504513888888887,0.4,NA,NA,NA
2022,40,2022-02-09,0.10104166666666714,NA,NA,NA,NA
2022,41,2022-02-10,-3.2142361111111124,NA,NA,NA,NA
2022,42,2022-02-11,-7.873958333333334,3.5000000000000013,NA,NA,NA
2022,43,2022-02-12,-10.23263888888889,NA,NA,NA,NA
2022,44,2022-02-13,-8.73125,0.3,NA,NA,NA
2022,45,2022-02-14,-6.159375000000001,0.2,NA,NA,NA
2022,46,2022-02-15,-9.008680555555555,2.1000000000000005,NA,NA,NA
2022,47,2022-02-16,-4.664583333333334,5.299999999999998,NA,NA,NA
2022,48,2022-02-17,-0.2385416666666667,3.6000000000000005,NA,NA,NA
2022,49,2022-02-18,1.0975694444444437,1.524,NA,NA,NA
2022,50,2022-02-19,-6.819097222222223,2.600000000000001,NA,NA,NA
2022,51,2022-02-20,-6.157638888888889,0.4,NA,NA,NA
2022,52,2022-02-21,-7.399652777777778,3.1000000000000014,NA,NA,NA
2022,53,2022-02-22,-6.951388888888888,1.2999999999999998,NA,NA,NA
2022,54,2022-02-23,-5.0211805555555555,0.2,NA,NA,NA
2022,55,2022-02-24,-4.4743055555555555,0.30000000000000004,NA,NA,NA
2022,56,2022-02-25,-8.769791666666668,0.8,NA,NA,NA
2022,57,2022-02-26,-11.225694444444445,NA,NA,NA,NA
2022,58,2022-02-27,-11.402777777777777,0.30000000000000004,NA,NA,NA
2022,59,2022-02-28,-8.751041666666667,0.30000000000000004,NA,NA,NA
2022,60,2022-03-01,-6.627430555555555,0.3,NA,NA,NA
2022,61,2022-03-02,-5.375694444444444,0.2,NA,NA,NA
2022,62,2022-03-03,-5.5843750000000005,0.4,NA,NA,NA
2022,63,2022-03-04,-8.897222222222222,0.4,NA,NA,NA
2022,64,2022-03-05,-12.477430555555555,0.5,NA,NA,NA
2022,65,2022-03-06,-13.167361111111113,NA,NA,NA,NA
2022,66,2022-03-07,-10.019791666666665,0.30000000000000004,NA,NA,NA
2022,67,2022-03-08,-8.326388888888888,1.2,NA,NA,NA
2022,68,2022-03-09,-6.574999999999998,0.5,NA,NA,NA
2022,69,2022-03-10,-4.139236111111113,NA,NA,NA,NA
2022,70,2022-03-11,-6.326736111111111,NA,NA,NA,NA
2022,71,2022-03-12,-6.036111111111111,0.2,NA,NA,NA
2022,72,2022-03-13,-5.634722222222222,NA,NA,NA,NA
2022,73,2022-03-14,-3.8562500000000024,0.7,NA,NA,NA
2022,74,2022-03-15,0.26388888888888856,0.4,NA,NA,NA
2022,75,2022-03-16,1.464583333333333,NA,NA,NA,NA
2022,76,2022-03-17,1.6499999999999997,NA,NA,NA,NA
2022,77,2022-03-18,-0.1972222222222219,0.2,NA,NA,NA
2022,78,2022-03-19,-3.225347222222223,0.1,NA,NA,NA
2022,79,2022-03-20,-6.334375,0.4,NA,NA,NA
2022,80,2022-03-21,-5.719791666666666,NA,NA,NA,NA
2022,81,2022-03-22,-5.801041666666667,0.4,NA,NA,NA
2022,82,2022-03-23,-3.225694444444444,NA,NA,NA,NA
2022,83,2022-03-24,-2.704513888888888,NA,NA,NA,NA
2022,84,2022-03-25,-3.015277777777776,NA,NA,NA,NA
2022,85,2022-03-26,-3.1020833333333324,NA,NA,NA,NA
2022,86,2022-03-27,-3.033680555555556,NA,NA,NA,NA
2022,87,2022-03-28,-2.155555555555557,NA,NA,NA,NA
2022,88,2022-03-29,-1.2923611111111122,0.1,NA,NA,NA
2022,89,2022-03-30,-2.1468749999999996,1.2,NA,NA,NA
2022,90,2022-03-31,-4.363541666666666,6.199999999999998,NA,NA,NA
2022,91,2022-04-01,-9.903125,9.699999999999998,NA,NA,NA
2022,92,2022-04-02,-11.977777777777778,0.6,NA,NA,NA
2022,93,2022-04-03,-11.467361111111112,0.30000000000000004,NA,NA,NA
2022,94,2022-04-04,-9.173263888888888,NA,NA,NA,NA
2022,95,2022-04-05,-2.608680555555556,0.5,NA,NA,NA
2022,96,2022-04-06,-1.7468750000000004,1.4,NA,NA,NA
2022,97,2022-04-07,-2.230208333333333,7.599999999999995,NA,NA,NA
2022,98,2022-04-08,-1.2062500000000005,2.1000000000000005,NA,NA,NA
2022,99,2022-04-09,-7.928819444444444,2.500000000000001,NA,NA,NA
2022,100,2022-04-10,-7.545833333333333,0.1,NA,NA,NA
2022,101,2022-04-11,0.6020833333333321,0.2,NA,NA,NA
2022,102,2022-04-12,3.53576388888889,NA,NA,NA,NA
2022,103,2022-04-13,4.684375,NA,NA,NA,NA
2022,104,2022-04-14,2.3409722222222227,NA,NA,NA,NA
2022,105,2022-04-15,2.6597222222222228,NA,NA,NA,NA
2022,106,2022-04-16,1.5079861111111117,0.254,NA,NA,NA
2022,107,2022-04-17,-0.5170138888888887,NA,NA,NA,NA
2022,108,2022-04-18,-0.8243055555555557,NA,NA,NA,NA
2022,109,2022-04-19,-1.5118055555555556,NA,NA,NA,NA
2022,110,2022-04-20,0.2256944444444446,NA,NA,NA,NA
2022,111,2022-04-21,0.3854166666666666,NA,NA,NA,NA
2022,112,2022-04-22,0.5475694444444438,NA,NA,NA,NA
2022,113,2022-04-23,-0.6565972222222226,9.799999999999995,NA,NA,NA
2022,114,2022-04-24,-2.690972222222223,3.800000000000001,NA,NA,NA
2022,115,2022-04-25,-1.792361111111111,5.2,NA,NA,NA
2022,116,2022-04-26,-2.6527777777777772,0.2,NA,NA,NA
2022,117,2022-04-27,-0.7656249999999999,NA,NA,NA,NA
2022,118,2022-04-28,0.3135416666666686,NA,NA,NA,NA
2022,119,2022-04-29,1.8006944444444446,0.254,NA,NA,NA
2022,120,2022-04-30,-0.4989583333333335,4.599999999999999,NA,NA,NA
2022,121,2022-05-01,-2.1809027777777787,0.5,NA,NA,NA
2022,122,2022-05-02,-0.18090277777777572,NA,NA,NA,NA
2022,123,2022-05-03,-0.6177083333333334,9.599999999999996,NA,NA,NA
2022,124,2022-05-04,0.44305555555555626,1.1,NA,NA,NA
2022,125,2022-05-05,0.12256944444444408,14.599999999999987,NA,NA,NA
2022,126,2022-05-06,-0.0749999999999996,3.9000000000000017,NA,NA,NA
2022,127,2022-05-07,0.6743055555555559,3.9000000000000017,NA,NA,NA
2022,128,2022-05-08,1.786805555555556,4.825999999999999,NA,NA,NA
2022,129,2022-05-09,2.7743055555555567,2.032,NA,NA,NA
2022,130,2022-05-10,3.895486111111112,0.254,NA,NA,NA
2022,131,2022-05-11,5.836805555555557,NA,NA,NA,NA
2022,132,2022-05-12,5.967013888888888,0.254,NA,NA,NA
2022,133,2022-05-13,5.686458333333333,NA,2500,2525,100
2022,134,2022-05-14,5.842013888888888,NA,NA,NA,NA
2022,135,2022-05-15,6.419444444444445,0.762,NA,NA,NA
2022,136,2022-05-16,5.63125,2.032,NA,NA,NA
2022,137,2022-05-17,6.306944444444444,0.254,NA,NA,NA
2022,138,2022-05-18,7.488194444444443,0.508,2500,2525,99.91895570352928
2022,139,2022-05-19,7.410763888888888,5.587999999999999,NA,NA,NA
2022,140,2022-05-20,9.72465277777778,NA,NA,NA,NA
2022,141,2022-05-21,10.353472222222225,NA,NA,NA,NA
2022,142,2022-05-22,9.817708333333332,0.254,NA,NA,NA
2022,143,2022-05-23,8.843402777777778,6.096,NA,NA,NA
2022,144,2022-05-24,5.945138888888889,2.286,NA,NA,NA
2022,145,2022-05-25,2.499305555555557,0.254,NA,NA,NA
2022,146,2022-05-26,5.238888888888888,0.254,NA,NA,NA
2022,147,2022-05-27,7.564236111111112,0.254,NA,NA,NA
2022,148,2022-05-28,4.85625,NA,NA,NA,NA
2022,149,2022-05-29,1.8874999999999993,0.254,NA,NA,NA
2022,150,2022-05-30,3.739583333333333,NA,NA,NA,NA
2022,151,2022-05-31,3.6378472222222222,5.079999999999998,NA,NA,NA
2022,152,2022-06-01,4.913194444444445,3.81,NA,NA,NA
2022,153,2022-06-02,5.740277777777779,11.937999999999992,NA,NA,NA
2022,154,2022-06-03,7.50625,6.35,NA,NA,NA
2022,155,2022-06-04,10.194097222222224,0.254,NA,NA,NA
2022,156,2022-06-05,9.352430555555555,3.048,NA,NA,NA
2022,157,2022-06-06,7.209722222222224,NA,NA,NA,NA
2022,158,2022-06-07,5.3343750000000005,1.524,NA,NA,NA
2022,159,2022-06-08,4.798263888888889,0.762,NA,NA,NA
2022,160,2022-06-09,1.060416666666667,1.524,NA,NA,NA
2022,161,2022-06-10,3.890624999999999,NA,NA,NA,NA
2022,162,2022-06-11,7.285763888888887,0.254,2700,2725,84.86836029149109
2022,163,2022-06-12,8.868402777777778,NA,2725,2750,85.37520201402471
2022,164,2022-06-13,8.4375,NA,NA,NA,NA
2022,165,2022-06-14,9.073263888888889,NA,2825,2850,71.79702465708719
2022,166,2022-06-15,10.528472222222224,0.508,NA,NA,NA
2022,167,2022-06-16,10.696527777777776,0.508,NA,NA,NA
2022,168,2022-06-17,9.11736111111111,NA,2900,2925,57.352184751863646
2022,169,2022-06-18,11.104861111111113,NA,NA,NA,NA
2022,170,2022-06-19,12.258333333333333,NA,2925,2950,52.37379920508487
2022,171,2022-06-20,11.53125,NA,NA,NA,NA
2022,172,2022-06-21,10.227430555555555,7.873999999999999,NA,NA,NA
2022,173,2022-06-22,9.215972222222222,8.382,NA,NA,NA
2022,174,2022-06-23,9.032638888888888,1.27,NA,NA,NA
2022,175,2022-06-24,6.427083333333334,3.81,NA,NA,NA
2022,176,2022-06-25,7.887499999999999,NA,NA,NA,NA
2022,177,2022-06-26,10.08125,NA,NA,NA,NA
2022,178,2022-06-27,11.325347222222222,6.8580000000000005,NA,NA,NA
2022,179,2022-06-28,7.175347222222222,25.908000000000005,NA,NA,NA
2022,180,2022-06-29,7.981597222222221,0.254,NA,NA,NA
2022,181,2022-06-30,9.638541666666669,7.365999999999998,NA,NA,NA
2022,182,2022-07-01,6.879513888888889,2.032,NA,NA,NA
2022,183,2022-07-02,11.12430555555556,NA,3025,3050,27.388177832086996
2022,184,2022-07-03,10.448958333333334,1.016,NA,NA,NA
2022,185,2022-07-04,8.834722222222222,19.304,NA,NA,NA
2022,186,2022-07-05,8.188194444444445,0.508,NA,NA,NA
2022,187,2022-07-06,7.2847222222222205,NA,3125,3150,23.158645518568164
2022,188,2022-07-07,6.959027777777778,0.254,NA,NA,NA
2022,189,2022-07-08,7.511805555555554,0.254,NA,NA,NA
2022,190,2022-07-09,8.307291666666666,NA,NA,NA,NA
2022,191,2022-07-10,7.6572916666666675,NA,NA,NA,NA
2022,192,2022-07-11,9.215972222222222,NA,3125,3150,17.826731458197308
2022,193,2022-07-12,7.912152777777777,NA,3125,3150,19.12297871335917
2022,194,2022-07-13,9.412847222222222,NA,NA,NA,NA
2022,195,2022-07-14,10.639583333333333,0.508,NA,NA,NA
2022,196,2022-07-15,10.265972222222222,NA,NA,NA,NA
2022,197,2022-07-16,9.363194444444444,0.508,NA,NA,NA
2022,198,2022-07-17,9.568055555555556,NA,NA,NA,NA
2022,199,2022-07-18,9.572569444444444,NA,3125,3150,15.10629631266118
2022,200,2022-07-19,10.39340277777778,NA,NA,NA,NA
2022,201,2022-07-20,10.91597222222222,NA,NA,NA,NA
2022,202,2022-07-21,11.548263888888888,NA,NA,NA,NA
2022,203,2022-07-22,11.962152777777776,0.254,NA,NA,NA
2022,204,2022-07-23,10.93125,1.778,NA,NA,NA
2022,205,2022-07-24,10.534375000000002,0.254,NA,NA,NA
2022,206,2022-07-25,11.055208333333333,NA,NA,NA,NA
2022,207,2022-07-26,8.59513888888889,0.254,NA,NA,NA
2022,208,2022-07-27,8.35972222222222,NA,NA,NA,NA
2022,209,2022-07-28,9.317361111111111,2.794,NA,NA,NA
2022,210,2022-07-29,6.2190972222222225,10.921999999999988,NA,NA,NA
2022,211,2022-07-30,6.3388888888888895,0.762,NA,NA,NA
2022,212,2022-07-31,7.8225694444444445,NA,NA,NA,NA
2022,213,2022-08-01,9.31736111111111,0.254,NA,NA,NA
2022,214,2022-08-02,8.826736111111112,NA,NA,NA,NA
2022,215,2022-08-03,9.397916666666667,NA,NA,NA,NA
2022,216,2022-08-04,9.058680555555556,9.143999999999997,NA,NA,NA
2022,217,2022-08-05,8.520833333333334,10.413999999999993,NA,NA,NA
2022,218,2022-08-06,8.817708333333334,0.508,NA,NA,NA
2022,219,2022-08-07,8.455902777777778,1.016,NA,NA,NA
2022,220,2022-08-08,8.198611111111111,NA,3300,3325,9.343555217389833
2022,221,2022-08-09,8.28298611111111,NA,NA,NA,NA
2022,222,2022-08-10,8.12638888888889,NA,NA,NA,NA
2022,223,2022-08-11,8.48611111111111,NA,NA,NA,NA
2022,224,2022-08-12,10.316666666666666,NA,3175,3200,9.003977187753266
2022,225,2022-08-13,10.497222222222222,NA,3175,3200,8.272864077019946
2022,226,2022-08-14,8.339583333333334,NA,NA,NA,NA
2022,227,2022-08-15,7.546875,NA,NA,NA,NA
2022,228,2022-08-16,9.213427561837454,0.254,NA,NA,NA
2022,229,2022-08-17,10.039930555555555,1.016,NA,NA,NA
2022,230,2022-08-18,6.247916666666667,16.001999999999995,NA,NA,NA
2022,231,2022-08-19,5.082986111111111,9.65199999999999,NA,NA,NA
2022,232,2022-08-20,5.459027777777777,1.27,NA,NA,NA
2022,233,2022-08-21,6.706944444444443,NA,3300,3325,4.991094050224762
2022,234,2022-08-22,6.883333333333334,NA,NA,NA,NA
2022,235,2022-08-23,7.272916666666666,NA,NA,NA,NA
2022,236,2022-08-24,8.169097222222224,NA,NA,NA,NA
2022,237,2022-08-25,8.014583333333333,0.254,NA,NA,NA
2022,238,2022-08-26,6.3284722222222225,8.889999999999999,NA,NA,NA
2022,239,2022-08-27,6.505208333333332,NA,NA,NA,NA
2022,240,2022-08-28,7.297569444444445,NA,3325,3350,5.914000425554633
2022,241,2022-08-29,8.03125,NA,NA,NA,NA
2022,242,2022-08-30,7.25625,4.064,NA,NA,NA
2022,243,2022-08-31,6.143055555555556,0.508,NA,NA,NA
2022,244,2022-09-01,6.388194444444443,NA,3375,3400,5.120332167854177
2022,245,2022-09-02,6.297902097902098,0.762,NA,NA,NA
2022,246,2022-09-03,6.697916666666667,1.524,NA,NA,NA
2022,247,2022-09-04,6.111458333333332,0.508,NA,NA,NA
2022,248,2022-09-05,8.514583333333333,NA,NA,NA,NA
2022,249,2022-09-06,8.764236111111112,4.064,NA,NA,NA
2022,250,2022-09-07,8.386458333333334,0.508,NA,NA,NA
2022,251,2022-09-08,6.064236111111112,7.1119999999999965,NA,NA,NA
2022,252,2022-09-09,4.243055555555556,0.508,NA,NA,NA
2022,253,2022-09-10,3.78576388888889,NA,NA,NA,NA
2022,254,2022-09-11,4.908333333333333,NA,NA,NA,NA
2022,255,2022-09-12,8.090972222222224,NA,3375,3400,4.585
2022,256,2022-09-13,9.724305555555556,NA,NA,NA,NA
2022,257,2022-09-14,9.813541666666666,4.064,NA,NA,NA
2022,258,2022-09-15,6.019444444444445,1.27,NA,NA,NA
2022,259,2022-09-16,4.353125,NA,NA,NA,NA
2022,260,2022-09-17,-1.7298611111111113,1.9,NA,NA,NA
2022,261,2022-09-18,0.8937500000000012,NA,NA,NA,NA
2022,262,2022-09-19,2.6902777777777778,0.254,2825,2850,55.76824799010198
2022,263,2022-09-20,1.6864583333333325,NA,NA,NA,NA
2022,264,2022-09-21,2.5069444444444446,NA,2725,2750,53.61928913196271
2022,265,2022-09-22,2.558680555555556,NA,2725,2750,52.770348536015085
2022,266,2022-09-23,3.540972222222222,NA,2725,2750,54.93833559564353
2022,267,2022-09-24,2.509375,2.286,NA,NA,NA
2022,268,2022-09-25,0.4142361111111113,6.9999999999999964,NA,NA,NA
2022,269,2022-09-26,-1.0236111111111117,2.0999999999999996,NA,NA,NA
2022,270,2022-09-27,-0.8503472222222221,0.9,NA,NA,NA
2022,271,2022-09-28,-0.03333333333333328,15.699999999999996,NA,NA,NA
2022,272,2022-09-29,-0.3649305555555554,3.0000000000000013,NA,NA,NA
2022,273,2022-09-30,-1.6753472222222223,0.4,NA,NA,NA
2022,274,2022-10-01,2.2079861111111128,10.92199999999999,NA,NA,NA
2022,275,2022-10-02,6.545833333333333,2.286,2625,2650,78.1451653280839
2022,276,2022-10-03,4.008333333333334,NA,NA,NA,NA
2022,277,2022-10-04,5.036805555555555,NA,NA,NA,NA
2022,278,2022-10-05,6.697916666666666,0.254,NA,NA,NA
2022,279,2022-10-06,5.023611111111111,NA,NA,NA,NA
2022,280,2022-10-07,5.417013888888888,NA,NA,NA,NA
2022,281,2022-10-08,3.128125,1.778,NA,NA,NA
2022,282,2022-10-09,3.646527777777778,2.286,NA,NA,NA
2022,283,2022-10-10,3.694444444444444,0.762,NA,NA,NA
2022,284,2022-10-11,3.469791666666667,NA,NA,NA,NA
2022,285,2022-10-12,2.953125,1.016,NA,NA,NA
2022,286,2022-10-13,2.1503472222222224,NA,NA,NA,NA
2022,287,2022-10-14,2.9093750000000003,6.0959999999999965,NA,NA,NA
2022,288,2022-10-15,4.144791666666666,0.254,NA,NA,NA
2022,289,2022-10-16,5.184375,NA,NA,NA,NA
2022,290,2022-10-17,5.4267361111111105,NA,NA,NA,NA
2022,291,2022-10-18,5.626736111111112,NA,NA,NA,NA
2022,292,2022-10-19,5.459722222222222,NA,NA,NA,NA
2022,293,2022-10-20,6.435763888888889,6.603999999999997,NA,NA,NA
2022,294,2022-10-21,4.914930555555555,29.71800000000006,NA,NA,NA
2022,295,2022-10-22,3.6704861111111113,12.445999999999987,NA,NA,NA
2022,296,2022-10-23,6.770486111111111,5.334,NA,NA,NA
2022,297,2022-10-24,4.314583333333332,20.320000000000004,NA,NA,NA
2022,298,2022-10-25,2.243055555555556,7.8739999999999934,NA,NA,NA
2022,299,2022-10-26,4.696180555555556,3.556,NA,NA,NA
2022,300,2022-10-27,4.720138888888888,0.254,NA,NA,NA
2022,301,2022-10-28,5.681597222222222,0.254,NA,NA,NA
2022,302,2022-10-29,6.514583333333334,NA,NA,NA,NA
2022,303,2022-10-30,6.305902777777778,0.254,NA,NA,NA
2022,304,2022-10-31,5.328,0.254,NA,NA,NA
2022,305,2022-11-01,2.6534722222222227,0.762,NA,NA,NA
2022,306,2022-11-02,0.43472222222222207,NA,NA,NA,NA
2022,307,2022-11-03,-0.01388888888888872,8.799999999999999,NA,NA,NA
2022,308,2022-11-04,-4.656944444444445,6.1,NA,NA,NA
2022,309,2022-11-05,-5.897222222222222,0.3,NA,NA,NA
2022,310,2022-11-06,-0.4204861111111109,0.3,NA,NA,NA
2022,311,2022-11-07,-0.994444444444444,0.4,NA,NA,NA
2022,312,2022-11-08,2.612847222222222,NA,NA,NA,NA
2022,313,2022-11-09,2.110069444444445,0.508,NA,NA,NA
2022,314,2022-11-10,-1.2114583333333335,NA,NA,NA,NA
2022,315,2022-11-11,2.2930555555555556,NA,NA,NA,NA
2022,316,2022-11-12,2.432986111111111,NA,NA,NA,NA
2022,317,2022-11-13,0.799652777777778,NA,NA,NA,NA
2022,318,2022-11-14,-2.1253472222222225,3.3000000000000003,NA,NA,NA
2022,319,2022-11-15,0.6809027777777782,0.30000000000000004,NA,NA,NA
2022,320,2022-11-16,-3.5142361111111104,3.900000000000001,NA,NA,NA
2022,321,2022-11-17,-0.9711805555555556,3.5000000000000004,NA,NA,NA
2022,322,2022-11-18,-5.8725694444444425,22.40000000000001,NA,NA,NA
2022,323,2022-11-19,-11.039930555555555,NA,NA,NA,NA
2022,324,2022-11-20,-10.500694444444449,1.5000000000000004,NA,NA,NA
2022,325,2022-11-21,-5.279166666666667,0.5,NA,NA,NA
2022,326,2022-11-22,-6.7,5.6999999999999975,NA,NA,NA
2022,327,2022-11-23,-6.729861111111109,5.799999999999999,NA,NA,NA
2022,328,2022-11-24,-4.987847222222222,0.5,NA,NA,NA
2022,329,2022-11-25,-4.4625,0.4,NA,NA,NA
2022,330,2022-11-26,-8.121180555555556,73.3,NA,NA,NA
2022,331,2022-11-27,-2.9875000000000007,NA,NA,NA,NA
2022,332,2022-11-28,-3.94513888888889,0.1,NA,NA,NA
2022,333,2022-11-29,-7.234027777777778,2.700000000000001,NA,NA,NA
2022,334,2022-11-30,-9.18923611111111,0.7,NA,NA,NA
2022,335,2022-12-01,-8.703472222222222,0.6,NA,NA,NA
2022,336,2022-12-02,-10.188194444444443,NA,NA,NA,NA
2022,337,2022-12-03,-5.5590277777777795,NA,NA,NA,NA
2022,338,2022-12-04,-3.3635416666666664,4.300000000000001,NA,NA,NA
2022,339,2022-12-05,-8.155902777777776,3.5000000000000004,NA,NA,NA
2022,340,2022-12-06,-7.666666666666666,48.3,NA,NA,NA
2022,341,2022-12-07,-9.70138888888889,0.4,NA,NA,NA
2022,342,2022-12-08,-8.239236111111111,0.6,NA,NA,NA
2022,343,2022-12-09,-4.082986111111111,4.200000000000001,NA,NA,NA
2022,344,2022-12-10,-8.327083333333336,2.3000000000000003,NA,NA,NA
2022,345,2022-12-11,-17.773263888888888,0.5,NA,NA,NA
2022,346,2022-12-12,-13.850641025641028,0.5,NA,NA,NA
2022,347,2022-12-13,-5.937500000000001,0.2,NA,NA,NA
2022,348,2022-12-14,-4.755902777777778,1,NA,NA,NA
2022,349,2022-12-15,-3.6989583333333336,1.2000000000000002,NA,NA,NA
2022,350,2022-12-16,-5.376388888888889,2.5000000000000004,NA,NA,NA
2022,351,2022-12-17,-10.629513888888887,0.6,NA,NA,NA
2022,352,2022-12-18,-6.280902777777777,0.2,NA,NA,NA
2022,353,2022-12-19,2.384027777777778,1.016,NA,NA,NA
2022,354,2022-12-20,4.496875,1.778,NA,NA,NA
2022,355,2022-12-21,-0.7579861111111126,1.5,NA,NA,NA
2022,356,2022-12-22,-3.0684027777777776,8.8,NA,NA,NA
2022,357,2022-12-23,0.2555555555555549,47.4,NA,NA,NA
2022,358,2022-12-24,-0.49479166666666674,4.3999999999999995,NA,NA,NA
2022,359,2022-12-25,0.34652777777777805,NA,NA,NA,NA
2022,360,2022-12-26,0.26770833333333366,4.599999999999999,NA,NA,NA
2022,361,2022-12-27,-7.216666666666666,0.5,NA,NA,NA
2022,362,2022-12-28,-5.2086805555555555,NA,NA,NA,NA
2022,363,2022-12-29,-3.711458333333332,0.5,NA,NA,NA
2022,364,2022-12-30,-2.410416666666666,2.000000000000001,NA,NA,NA
2022,365,2022-12-31,2.583680555555554,2.032,NA,NA,NA
